begin,open,close,high,low,value,volume,log_return
2020-01-06,572.99,572.6,573.31,572.59,238174768.24,0,-8.731717971051712e-05
2020-01-08,572.82,572.71,573.04,572.71,104481063.66,0,0.00019208773229646294
2020-01-09,572.79,573.13,573.59,572.69,17785036747.8,0,0.0007330866766904172
2020-01-10,573.25,574.88,574.88,573.18,32293622205.8,0,0.003048756292206861
2020-01-13,574.99,577.95,578.04,574.01,23001397205.4,0,0.00532603637506778
2020-01-14,578.05,577.93,579.09,577.91,26310511001.7,0,-3.460566841204857e-05
2020-01-15,578.14,577.04,578.32,577.03,31456439292.9,0,-0.0015411658764471294
2020-01-16,577.18,577.57,577.89,577.18,23781080720.2,0,0.0009180589761481132
2020-01-17,577.73,578.04,578.14,577.48,18471444502.6,0,0.0008134232585645334
2020-01-20,578.33,578.66,579.0,578.33,9016408459.77,0,0.001072015318364748
2020-01-21,578.79,578.23,579.02,578.18,16086704381.1,0,-0.0007433723513930123
2020-01-22,578.34,578.34,579.05,578.19,15016728848.9,0,0.00019021762683046323
2020-01-23,578.47,578.98,579.03,578.42,16756414056.4,0,0.0011060036381289249
2020-01-24,579.1,579.04,580.67,579.03,16847313387.7,0,0.00010362515337150428
2020-01-27,579.29,577.71,580.23,577.71,31280931442.7,0,-0.002299547155525972
2020-01-28,577.79,577.38,578.38,577.09,28765570052.0,0,-0.0005713840635417276
2020-01-29,577.49,578.18,578.49,577.49,23929055189.1,0,0.0013846102804001893
2020-01-30,578.35,577.95,578.5,577.94,29605362121.8,0,-0.0003978791364883128
2020-01-31,578.07,578.19,578.98,578.04,27539104827.8,0,0.00041517463879355574
2020-02-03,578.5,577.76,578.5,577.75,42218195349.3,0,-0.0007439768499223543
2020-02-04,577.9,578.6,578.6,577.48,34005798775.2,0,0.0014528350128872108
2020-02-05,578.67,579.85,579.85,578.55,40828821465.1,0,0.0021580568606775824
2020-02-06,579.97,579.85,581.65,579.85,32346733649.7,0,0.0
2020-02-07,579.99,580.85,580.87,579.74,32589431424.3,0,0.0017230985567716372
2020-02-10,581.19,581.41,581.9,581.19,15032148625.2,0,0.0009636398797768733
2020-02-11,581.51,581.96,581.96,581.39,21738383634.4,0,0.0009455290079272926
2020-02-12,582.07,582.93,582.93,581.95,54613646251.1,0,0.0016653936838569743
2020-02-13,583.06,583.7,583.77,583.04,42033172109.4,0,0.0013200416787004599
2020-02-14,583.82,584.69,584.71,583.76,38016149697.1,0,0.0016946400378706698
2020-02-17,585.58,585.36,585.93,585.33,18417211170.7,0,0.0011452503281584238
2020-02-18,585.5,585.28,586.48,584.85,16211094211.1,0,-0.0001366773732737681
2020-02-19,585.4,586.43,586.43,585.4,29098948306.2,0,0.0019629436793402824
2020-02-20,586.55,587.68,587.73,586.55,26886094344.0,0,0.0021292731895158124
2020-02-21,587.78,586.56,588.32,585.87,27963830546.7,0,-0.0019076174200170209
2020-02-25,587.0,585.76,587.94,585.76,22343007302.6,0,-0.0013648152794140727
2020-02-26,585.86,583.84,585.99,583.24,37241045174.8,0,-0.0032831766837885185
2020-02-27,583.98,582.24,584.01,582.24,38414721381.4,0,-0.0027442388242878836
2020-02-28,582.29,573.25,582.35,572.44,66172896080.9,0,-0.015560812125835894
2020-03-02,574.44,576.7,578.82,574.21,49792196208.9,0,0.006000278883353162
2020-03-03,576.59,580.92,580.92,576.59,46895746605.3,0,0.0072908531182361395
2020-03-04,581.21,586.18,586.2,581.21,79845411635.7,0,0.009013855906707356
2020-03-05,586.32,586.8,588.25,586.2,69109612364.0,0,0.001057136622516122
2020-03-06,586.94,576.13,586.94,576.13,42633783065.4,0,-0.018350716593650528
2020-03-10,575.44,559.42,575.44,555.26,69791440221.0,0,-0.029432796954362576
2020-03-11,559.95,557.78,561.56,557.78,48067771129.1,0,-0.00293591331544941
2020-03-12,557.86,540.15,557.86,540.15,53599992611.9,0,-0.03211774064237023
2020-03-13,540.23,540.6,541.2,537.52,53163838792.6,0,0.0008327550793533944
2020-03-16,540.83,534.22,542.61,534.2,47036981449.2,0,-0.011871894705951873
2020-03-17,534.29,534.65,538.04,533.86,39831203953.4,0,0.0008045880662702203
2020-03-18,534.8,528.73,535.71,528.73,69804099192.1,0,-0.011134422616665076
2020-03-19,528.95,531.09,531.16,525.81,42844724292.1,0,0.004453593819296402
2020-03-20,531.53,542.73,542.73,531.53,38903239570.1,0,0.02168046029598264
2020-03-23,543.32,543.47,544.39,539.87,24306372004.6,0,0.0013625485444422078
2020-03-24,543.68,557.11,557.11,543.68,50112658050.1,0,0.024788199718672615
2020-03-25,557.24,557.21,561.45,557.17,37559716685.5,0,0.0001794816574565931
2020-03-26,557.03,559.13,559.19,556.04,38159069807.1,0,0.003439815635330992
2020-03-27,559.58,562.65,563.04,559.41,45556706507.4,0,0.006275760938824423
2020-03-30,562.77,561.13,562.77,558.52,14095113032.1,0,-0.002705157463081587
2020-03-31,561.09,567.5,567.5,561.07,22714918949.2,0,0.011288141622633389
2020-04-01,567.6,566.38,568.76,566.15,14118853135.1,0,-0.0019755183339496335
2020-04-02,566.55,565.9,569.55,565.82,12921749081.5,0,-0.0008478468731299626
2020-04-03,566.08,567.71,567.72,566.08,18688589070.5,0,0.003193340810528291
2020-04-06,568.16,569.88,569.92,567.97,11166435898.9,0,0.003815087390024347
2020-04-07,570.0,570.7,571.23,569.79,15755149273.2,0,0.0014378651936316662
2020-04-08,570.68,570.03,570.74,569.46,6669839067.32,0,-0.0011746865201122728
2020-04-09,570.11,571.65,571.67,570.11,34971077584.9,0,0.002837924965428736
2020-04-10,571.76,572.2,572.68,571.76,19101060062.7,0,0.0009616646280309815
2020-04-13,572.54,572.82,574.92,572.54,6792943570.41,0,0.0010829506219869726
2020-04-14,572.96,572.89,573.42,572.86,32446047970.4,0,0.00012219497095616524
2020-04-15,572.93,571.09,573.1,571.09,21935130544.8,0,-0.0031469107597279773
2020-04-16,571.23,573.32,573.32,570.61,40686705782.0,0,0.003897209605789948
2020-04-17,573.4,581.05,581.05,573.3,48258632623.9,0,0.01339278661386765
2020-04-20,581.76,587.23,587.24,581.76,17898977240.4,0,0.010579754244633876
2020-04-21,587.23,583.55,587.42,583.54,15534765960.8,0,-0.006286428055153925
2020-04-22,583.68,586.17,586.17,583.63,25566986549.0,0,0.004479712036166947
2020-04-23,586.35,590.11,590.11,586.08,24162499773.6,0,0.006699110305298471
2020-04-24,590.23,592.33,592.33,589.99,26345063266.2,0,0.003754951808864771
2020-04-27,592.76,592.52,593.39,592.51,16315163287.4,0,0.0003207157051585144
2020-04-28,592.36,592.76,592.76,591.74,17156104652.0,0,0.00040496760812637814
2020-04-29,592.84,592.68,593.26,592.66,30181307907.9,0,-0.00013497098144402072
2020-04-30,592.88,592.76,593.48,592.53,25310978778.3,0,0.000134970981443937
2020-05-04,593.34,593.69,594.43,593.34,103852739.92,0,0.0015677022891331582
2020-05-05,593.75,594.52,594.52,593.48,8654414858.28,0,0.0013970596695831953
2020-05-06,594.43,593.86,594.8,593.86,15454268835.8,0,-0.001110755933048054
2020-05-07,594.41,594.06,594.74,594.06,26065647529.9,0,0.0003367230148321295
2020-05-08,594.23,596.38,596.38,594.18,36562675107.3,0,0.0038977234252331235
2020-05-12,596.74,600.63,600.64,596.74,21199843576.4,0,0.007101056564006543
2020-05-13,600.76,601.53,601.63,600.1,28393166671.7,0,0.001497305131004402
2020-05-14,601.82,602.38,602.38,601.41,80416513384.9,0,0.001412065920603359
2020-05-15,602.14,608.16,608.17,602.14,52524045181.2,0,0.009549529837613068
2020-05-18,608.55,612.79,612.93,608.55,36468126472.5,0,0.007584294514435092
2020-05-19,612.95,612.36,613.01,612.1,29295532675.6,0,-0.0007019548914932638
2020-05-20,612.23,613.13,613.29,611.33,93069274995.9,0,0.0012566403664304431
2020-05-21,613.23,613.54,613.59,612.36,53242520384.1,0,0.0006684764692503536
2020-05-22,613.66,612.68,613.67,612.64,30157665932.2,0,-0.0014026849032081536
2020-05-25,613.0,613.06,613.77,610.82,8670753559.76,0,0.0006200336322122597
2020-05-26,613.78,613.17,613.99,613.15,29513274813.5,0,0.00017941169323064282
2020-05-27,613.38,611.92,613.56,611.85,41540221413.7,0,-0.0020406671081855364
2020-05-28,611.87,611.49,611.93,611.37,32512493769.5,0,-0.0007029532498618892
2020-05-29,611.65,611.96,612.23,611.65,38381629492.8,0,0.0007683191354295683
2020-06-01,612.21,613.06,613.41,611.74,59043478607.3,0,0.001795889529387199
2020-06-02,613.25,613.54,614.17,612.63,29129010313.0,0,0.0007826512709958632
2020-06-03,613.54,612.91,613.66,612.68,29975025518.9,0,-0.0010273554656311111
2020-06-04,613.07,610.18,613.23,610.12,39719088133.2,0,-0.0044641106274812626
2020-06-05,610.42,609.27,611.22,609.01,55753345910.6,0,-0.001492476393320983
2020-06-08,609.65,608.88,609.76,608.46,28238208432.2,0,-0.0006403152539919086
2020-06-09,609.01,608.73,609.01,606.82,29230726003.4,0,-0.00024638431149345185
2020-06-10,608.91,611.12,611.39,608.91,18695645538.9,0,0.003918519585461614
2020-06-11,611.23,610.91,611.33,610.12,30813419310.8,0,-0.00034369042014870956
2020-06-15,611.34,610.92,611.37,609.73,19406827190.6,0,1.6368889289410407e-05
2020-06-16,610.8,612.63,612.63,610.17,28899302148.7,0,0.0027951470938345486
2020-06-17,612.57,613.87,613.88,611.71,22901168513.8,0,0.0020220145495030394
2020-06-18,613.92,614.71,614.71,613.82,26537119099.3,0,0.0013674325333165632
2020-06-19,614.55,616.36,616.54,614.55,32666580881.7,0,0.0026805965347535387
2020-06-22,616.61,614.59,616.61,614.59,11718983675.4,0,-0.002875829594838499
2020-06-23,614.74,613.9,615.4,613.77,11436238193.0,0,-0.0011233303853635341
2020-06-25,614.15,612.04,614.4,612.04,31120458215.5,0,-0.0030344085798379994
2020-06-26,612.18,612.49,612.92,611.34,15255115682.0,0,0.0007349759013778542
2020-06-29,612.81,612.36,613.16,612.36,22112102184.5,0,-0.00021227089111009516
2020-06-30,612.7,608.44,612.91,608.44,61790306589.3,0,-0.006422040420338185
2020-07-02,608.68,609.16,609.93,608.68,33749874801.6,0,0.0011826545399477677
2020-07-03,609.39,605.83,609.46,605.83,25335359890.0,0,-0.005481540322335377
2020-07-06,606.0,605.23,606.74,605.04,22168687643.3,0,-0.0009908675855712893
2020-07-07,605.17,607.61,607.61,604.65,27442679926.7,0,0.003924677706781497
2020-07-08,607.69,609.76,609.76,607.69,23130179089.3,0,0.003532208343185289
2020-07-09,609.9,611.81,611.83,609.9,28729319149.5,0,0.003356339668524642
2020-07-10,612.01,611.13,612.02,611.13,7627251158.32,0,-0.0011120742964987845
2020-07-13,611.82,612.04,612.54,611.78,15955990066.0,0,0.0014879373560368005
2020-07-14,612.07,612.25,612.75,611.57,17901729541.0,0,0.00034305597866449335
2020-07-15,612.47,612.08,613.56,612.08,19295863196.2,0,-0.00027770290868060435
2020-07-16,612.21,611.52,612.21,611.18,20850573886.9,0,-0.0009153318716883149
2020-07-17,611.57,612.01,612.01,611.41,20221744853.4,0,0.0008009611962048091
2020-07-20,612.36,613.09,613.13,612.24,33717520677.0,0,0.001763121834583034
2020-07-21,613.06,614.25,614.29,613.03,33128974424.0,0,0.001890267318592559
2020-07-22,614.6,614.35,614.85,614.32,25589374816.1,0,0.00016278691229183612
2020-07-23,614.67,614.39,615.2,614.35,11145942932.8,0,6.510734575913641e-05
2020-07-24,614.49,613.71,614.72,613.59,14473368498.4,0,-0.0011074017905585139
2020-07-27,614.1,614.03,614.28,613.8,7679211684.31,0,0.0005212830196070333
2020-07-28,614.14,613.08,614.26,612.97,14155765521.7,0,-0.0015483537576810832
2020-07-29,613.4,612.76,613.4,612.28,15061785774.0,0,-0.0005220909862115726
2020-07-30,612.92,610.37,613.49,610.29,13488439774.2,0,-0.0039080114816623926
2020-07-31,610.58,611.09,612.13,610.58,7365371932.54,0,0.001178917170256573
2020-08-03,611.63,612.46,613.13,611.63,12336504131.5,0,0.002239386330805878
2020-08-04,612.69,612.85,613.79,612.63,9618003332.2,0,0.0006365736232787058
2020-08-05,613.0,613.14,613.67,612.95,13312287033.0,0,0.0004730870649984242
2020-08-06,613.21,612.54,613.83,612.54,5179443278.65,0,-0.0009790484431936985
2020-08-07,612.69,612.22,612.92,612.22,9668498789.77,0,-0.0005225513688911336
2020-08-10,612.51,612.61,612.75,612.21,1848466773.26,0,0.0006368230908456036
2020-08-11,612.72,612.94,613.06,612.56,4668943107.73,0,0.0005385337325698459
2020-08-12,613.06,612.45,613.29,612.45,3451077915.08,0,-0.0007997454298088191
2020-08-13,612.58,611.92,612.78,611.92,8223209701.29,0,-0.000865751420084027
2020-08-14,612.02,610.78,612.27,610.78,5573001039.36,0,-0.0018647261475984132
2020-08-17,611.11,606.7,611.92,606.7,15593182337.3,0,-0.006702393917759857
2020-08-18,606.9,606.36,607.28,605.1,18504336948.2,0,-0.0005605658564347413
2020-08-19,606.55,608.91,608.91,606.5,6915879897.12,0,0.004196604445827263
2020-08-20,609.02,608.09,609.52,608.07,15372902138.7,0,-0.0013475762105023216
2020-08-21,608.27,606.54,608.52,606.54,11646710317.8,0,-0.002552218933121317
2020-08-24,606.87,607.6,607.67,606.09,8085839966.78,0,0.0017460923275967192
2020-08-25,608.37,607.25,609.18,607.01,15533981966.8,0,-0.000576202839335896
2020-08-26,607.57,606.34,607.96,606.26,15280480240.4,0,-0.0014996830404878773
2020-08-27,606.59,608.05,608.12,606.59,17795381146.8,0,0.0028162305852145776
2020-08-28,608.16,608.85,609.43,607.89,7080050535.84,0,0.001314816526008001
2020-08-31,609.32,609.98,610.27,609.32,17236168061.2,0,0.0018542377915928968
2020-09-01,610.1,610.68,610.84,610.1,12143787571.0,0,0.0011469206441321413
2020-09-02,610.81,609.49,611.22,609.49,17260378105.4,0,-0.0019505484929039855
2020-09-03,609.52,607.45,609.52,607.22,17271449991.0,0,-0.0033526745950863174
2020-09-04,607.53,608.22,608.22,607.23,14544479832.9,0,0.0012667913216120338
2020-09-07,608.63,608.1,608.63,607.9,9950302086.23,0,-0.00019731649629926062
2020-09-08,608.33,606.76,608.53,606.74,17821840416.4,0,-0.0022060164025925443
2020-09-09,607.12,607.47,607.53,606.54,27994510368.0,0,0.0011694655558161648
2020-09-10,607.63,608.66,608.67,607.63,31085040816.4,0,0.0019570282450137
2020-09-11,608.73,608.44,609.54,608.44,17264316764.9,0,-0.00036151508075913676
2020-09-14,608.86,608.32,609.01,608.3,16504604656.9,0,-0.00019724514347786227
2020-09-15,608.49,608.7,609.03,608.33,17682981698.5,0,0.000624476199814491
2020-09-16,608.87,608.75,609.73,608.72,14462070622.1,0,8.213889692069741e-05
2020-09-17,608.93,608.72,609.62,608.45,21789348860.9,0,-4.9282528532230324e-05
2020-09-18,608.8,608.71,609.35,608.64,5683854600.8,0,-1.6428049251662698e-05
2020-09-21,608.95,607.82,609.68,607.82,15503619606.7,0,-0.0014631783166592282
2020-09-22,607.95,606.87,608.72,606.73,29532111403.2,0,-0.0015641854196465504
2020-09-23,606.99,606.36,607.11,606.35,17446965822.5,0,-0.0008407309908923978
2020-09-24,606.49,605.8,606.91,605.6,21049002040.5,0,-0.000923970498680645
2020-09-25,605.91,606.24,606.86,605.89,19975144690.5,0,0.0007260486771539149
2020-09-28,606.54,605.85,606.6,605.65,7287649566.14,0,-0.0006435165927590752
2020-09-29,606.14,605.9,606.65,605.56,17763861513.3,0,8.252527341178216e-05
2020-09-30,606.17,607.55,607.58,606.17,28067977175.2,0,0.002719520403677439
2020-10-01,607.69,609.36,609.52,607.69,34673721840.0,0,0.002974749709911914
2020-10-02,609.56,609.29,609.56,608.81,28452807840.0,0,-0.00011488122114968269
2020-10-05,609.77,610.01,610.6,609.77,15584843061.3,0,0.0011810056322258899
2020-10-06,610.1,611.03,611.03,609.93,55117127397.9,0,0.0016707073269628422
2020-10-07,611.2,611.77,611.97,611.19,32318222858.5,0,0.0012103370793857874
2020-10-08,612.02,613.99,613.99,611.91,32725625388.8,0,0.003622246487604997
2020-10-09,614.16,614.43,614.95,614.09,14374174698.8,0,0.000716367396845768
2020-10-12,614.68,614.94,615.88,614.66,4501413087.5,0,0.0008296933051185284
2020-10-13,615.16,615.25,615.3,614.82,19311349518.33,0,0.0005039871996386135
2020-10-14,615.42,615.14,615.68,615.14,6231769578.41,0,-0.00017880509479605063
2020-10-15,615.16,613.86,615.27,613.86,6524947893.9,0,-0.002082995057465543
2020-10-16,613.92,613.98,614.11,613.46,8676862893.34,0,0.00019546520781544768
2020-10-19,614.35,615.34,615.34,614.17,6608608029.35,0,0.002212606245465073
2020-10-20,615.49,615.28,615.83,615.18,12156500726.39,0,-9.751182338591336e-05
2020-10-21,615.45,615.8,616.14,615.39,22679067962.03,0,0.0008447867416015423
2020-10-22,615.96,615.56,616.34,615.55,10217940131.97,0,-0.0003898128947490768
2020-10-23,615.69,616.07,616.26,615.65,17382181339.85,0,0.0008281708453828672
2020-10-26,616.4,615.97,616.56,615.91,30170031948.05,0,-0.00016233239216202717
2020-10-27,616.1,615.51,616.28,615.5,10154552396.07,0,-0.0007470686026477751
2020-10-28,615.47,613.71,615.58,613.71,11072235910.42,0,-0.0029286885774430773
2020-10-29,613.8,612.6,613.88,612.58,12397692722.62,0,-0.001810309470106105
2020-10-30,612.7,612.17,613.15,612.17,11852542309.88,0,-0.0007021726816750245
2020-11-02,612.54,609.1,612.61,609.09,20875598930.54,0,-0.005027563874560893
2020-11-03,608.84,610.13,610.54,608.84,17911995104.49,0,0.0016895913732930916
2020-11-05,610.23,615.95,615.95,610.23,43155984209.87,0,0.009493742192251143
2020-11-06,616.2,617.97,617.97,616.2,25930186996.39,0,0.003274121182104244
2020-11-09,618.33,620.16,620.16,617.77,30774057016.13,0,0.0035375966722592553
2020-11-10,620.72,619.68,620.78,619.14,23243165127.68,0,-0.0007742934959046684
2020-11-11,619.84,619.64,619.85,619.31,13344362864.85,0,-6.455152827973436e-05
2020-11-12,619.72,619.7,619.9,619.33,28636524130.61,0,9.682572989978103e-05
2020-11-13,619.88,620.35,620.43,619.65,10018964127.21,0,0.00104834492081879
2020-11-16,620.63,621.06,621.07,619.94,8316403149.75,0,0.0011438607348331388
2020-11-17,621.23,620.83,621.32,620.8,21890950434.18,0,-0.0003704031800393909
2020-11-18,620.86,619.88,621.0,619.88,31704403752.74,0,-0.0015313815245401464
2020-11-19,619.74,620.62,620.99,619.63,14603118286.1,0,0.0011930674530866684
2020-11-20,620.77,620.9,621.08,620.38,6800986577.3,0,0.000451059998626202
2020-11-23,621.26,622.04,622.33,620.82,7709290327.46,0,0.0018343609822897933
2020-11-24,621.36,621.33,621.57,621.25,14477131434.19,0,-0.0011420575969674567
2020-11-25,621.48,621.41,621.66,621.14,14911236854.0,0,0.00012874776720858685
2020-11-26,621.5,620.98,621.58,620.82,10971882714.37,0,-0.000692214227690005
2020-11-27,621.01,621.13,621.2,620.66,16226410323.89,0,0.00024152450383478814
2020-11-30,621.39,620.85,621.54,620.85,4475298968.17,0,-0.000450892936671718
2020-12-01,620.95,621.02,621.29,620.95,10427436821.22,0,0.0002737806711843657
2020-12-02,621.15,620.97,621.44,620.81,14567422686.75,0,-8.051594622652783e-05
2020-12-03,621.12,621.13,621.17,620.72,12681802520.22,0,0.0002576282117138912
2020-12-04,621.68,621.54,621.94,621.43,15767685475.45,0,0.000659869498542708
2020-12-07,621.88,622.07,622.4,621.77,13325453179.87,0,0.0008523573018675809
2020-12-08,622.16,622.43,622.48,621.91,37955634656.05,0,0.0005785456167799696
2020-12-09,622.53,622.17,622.72,622.07,20684188763.64,0,-0.00041780492332015875
2020-12-10,622.04,621.6,622.5,621.58,15127627321.82,0,-0.0009165682399551959
2020-12-11,621.69,621.29,621.73,621.21,8968584598.45,0,-0.0004988373974018264
2020-12-14,621.63,621.59,621.93,621.36,14216730193.52,0,0.0004827497519089219
2020-12-15,621.73,621.38,621.81,621.3,11450354484.62,0,-0.0003379003547923596
2020-12-16,621.45,621.25,621.93,621.1,19257893763.49,0,-0.00020923364231391825
2020-12-17,621.37,621.83,621.88,621.36,18805654500.22,0,0.0009331660747314897
2020-12-18,621.96,621.25,622.21,621.24,7829744832.81,0,-0.0009331660747315693
2020-12-21,621.68,619.54,621.77,619.54,4304166717.92,0,-0.0027563102259164814
2020-12-22,619.61,619.05,619.61,618.81,7466746853.21,0,-0.0007912223182215487
2020-12-23,619.3,618.53,619.75,618.51,7750868391.7,0,-0.0008403497642196181
2020-12-24,618.65,618.73,619.49,618.57,11102653362.04,0,0.00032329502568907237
2020-12-25,618.77,619.77,619.84,618.14,3725665724.69,0,0.0016794513434770335
2020-12-28,620.12,619.36,620.12,619.15,15379168243.46,0,-0.0006617546423090408
2020-12-29,619.35,620.39,620.42,619.11,14616125996.28,0,0.0016616257099993622
2020-12-30,620.45,620.45,621.62,620.44,12598400517.71,0,9.670868129149517e-05
2021-01-04,621.0,621.74,621.99,620.87,220180453.32,0,0.00207697769864082
2021-01-05,621.97,622.42,622.43,621.37,157530154.14,0,0.0010931071047292145
2021-01-06,622.65,622.72,623.27,622.55,206710165.18,0,0.0004818735335867209
2021-01-08,622.99,622.8,623.47,622.6,201916533.94,0,0.0001284604022576654
2021-01-11,622.95,621.15,623.26,621.15,4251081024.6,0,-0.0026528413001573083
2021-01-12,621.21,620.21,621.4,619.99,10821189400.32,0,-0.0015144682923026267
2021-01-13,620.39,619.69,620.95,619.69,11200470967.31,0,-0.0008387773699282375
2021-01-14,619.98,619.31,620.33,619.3,17993002999.54,0,-0.0006133979207666152
2021-01-15,619.5,616.79,620.06,616.79,10452942218.1,0,-0.004077345669761348
2021-01-18,617.0,616.21,617.71,616.14,8675744151.41,0,-0.0009407948787989051
2021-01-19,616.17,616.83,616.83,615.71,16123870286.3,0,0.0010056446704918916
2021-01-20,617.04,617.46,617.83,616.94,14057419493.16,0,0.0010208298774355327
2021-01-21,617.71,616.5,618.49,616.48,9654858703.01,0,-0.001555966471656338
2021-01-22,616.61,614.06,616.92,614.06,18240267872.2,0,-0.00396567936182518
2021-01-25,614.44,614.54,615.46,614.25,5238933791.81,0,0.0007813772170308485
2021-01-26,614.64,614.84,615.51,614.45,14186779415.37,0,0.00048805089712688365
2021-01-27,614.97,614.55,615.93,614.55,20280144773.66,0,-0.0004717786957417472
2021-01-28,614.71,614.04,614.88,613.52,17860603855.47,0,-0.0008302200559890197
2021-01-29,614.48,614.93,615.52,614.48,12054835418.89,0,0.0014483675851884518
2021-02-01,615.27,615.52,615.65,615.26,10769051858.44,0,0.0009589988137958476
2021-02-02,615.56,615.43,616.26,615.43,10528414171.35,0,-0.00014622852294637428
2021-02-03,615.51,613.97,615.56,613.8,28991396636.79,0,-0.002375143462435063
2021-02-04,614.11,615.26,615.39,614.11,19081062045.94,0,0.0020988756759393362
2021-02-05,615.46,616.48,616.48,615.21,31346183132.82,0,0.0019809381833046195
2021-02-08,616.92,617.99,618.12,616.92,15893515126.74,0,0.0024463952191522793
2021-02-09,618.06,616.36,618.2,616.36,14173006370.31,0,-0.002641067683347155
2021-02-10,616.39,615.16,616.63,615.11,14317881643.58,0,-0.0019488118419299877
2021-02-11,615.29,613.47,615.86,613.47,13557280227.47,0,-0.0027510333718897594
2021-02-12,613.52,611.04,614.25,611.04,19161984865.81,0,-0.003968939722626956
2021-02-15,611.34,610.18,612.55,610.18,14385852815.68,0,-0.0014084278707570585
2021-02-16,610.25,607.9,610.29,607.88,23599744086.38,0,-0.0037436008517722406
2021-02-17,608.06,607.34,608.06,605.96,33917103239.71,0,-0.0009216287147206479
2021-02-18,607.45,608.57,608.87,607.44,17564285070.51,0,0.0020231767475512945
2021-02-19,608.72,606.91,609.08,606.88,17749502664.72,0,-0.0027314329023382282
2021-02-20,607.02,607.01,608.03,606.71,618144019.89,0,0.0001647555032066234
2021-02-22,607.27,606.93,607.46,606.93,267902244.11,0,-0.00013180223094359767
2021-02-24,607.08,607.67,608.02,606.81,24752435064.62,0,0.0012185083015978726
2021-02-25,607.89,606.14,607.91,606.12,20278520584.38,0,-0.002520988969132725
2021-02-26,606.18,603.73,606.52,603.73,22932075832.32,0,-0.003983904365798288
2021-03-01,604.09,605.1,605.13,604.09,6800122617.08,0,0.0022666555041770836
2021-03-02,605.31,605.77,605.77,604.22,22206798919.51,0,0.001106642444484723
2021-03-03,605.98,607.63,607.69,605.98,22307294122.74,0,0.003065768018517428
2021-03-04,607.86,610.77,610.86,607.86,16560093046.54,0,0.0051543121334172975
2021-03-05,610.86,607.62,610.86,607.38,12306758517.86,0,-0.0051707696524466926
2021-03-09,608.08,608.2,609.25,607.89,7135791527.07,0,0.0009540886710157046
2021-03-10,608.4,606.8,609.25,606.8,15721578036.24,0,-0.0023045277688872453
2021-03-11,606.96,605.03,607.85,605.03,32679308989.39,0,-0.002921203896059813
2021-03-12,605.17,604.34,606.1,604.34,22215973635.12,0,-0.0011410901128189196
2021-03-15,604.74,604.65,605.71,604.65,15706943500.16,0,0.0005128247657859618
2021-03-16,604.8,603.85,604.9,603.76,19242669391.71,0,-0.001323955509900172
2021-03-17,604.27,602.94,604.46,602.94,25365229523.01,0,-0.0015081334324619155
2021-03-18,603.02,601.52,603.49,601.42,34622749852.19,0,-0.0023579042191510247
2021-03-19,601.6,599.58,601.6,599.58,14824209508.73,0,-0.0032303749680183827
2021-03-22,599.93,597.8,599.95,597.8,24327083416.15,0,-0.002973160251915665
2021-03-23,597.93,593.85,598.82,592.95,60089005237.64,0,-0.006629487629588008
2021-03-24,594.3,595.32,595.89,594.25,29862965432.51,0,0.0024723138807084643
2021-03-25,595.49,597.26,597.35,595.49,26163393308.5,0,0.003253453372075026
2021-03-26,597.55,600.16,600.25,597.55,43931404281.81,0,0.0048437568605442
2021-03-29,600.56,601.29,601.87,600.55,16969223809.05,0,0.0018810609400280094
2021-03-30,601.52,599.61,602.01,599.61,16465698116.15,0,-0.002797903399045218
2021-03-31,599.83,600.12,600.83,599.62,24404095039.04,0,0.0008501913442525333
2021-04-01,600.28,599.31,601.37,599.31,29981067037.25,0,-0.0013506417600623586
2021-04-02,599.51,599.62,600.79,599.51,10319428405.4,0,0.0005171277837879799
2021-04-05,600.18,599.76,601.13,599.7,7127188447.59,0,0.0002334539522684674
2021-04-06,599.98,598.86,600.48,598.86,31438640919.94,0,-0.0015017272682565617
2021-04-07,598.92,594.69,598.92,594.63,27947577492.81,0,-0.006987586556320735
2021-04-08,594.96,594.94,596.14,594.94,22032706781.37,0,0.00042029875453743546
2021-04-09,595.27,593.94,596.08,593.9,25377127487.8,0,-0.001682255964995738
2021-04-12,594.28,595.14,595.94,594.24,8499114531.71,0,0.0020183678261861747
2021-04-13,595.19,595.25,596.54,595.16,12194106114.22,0,0.00018481338101476255
2021-04-14,595.38,601.01,601.4,595.38,49964619704.07,0,0.00963008796491799
2021-04-15,600.73,598.14,600.73,596.05,57261298592.33,0,-0.004786733069222615
2021-04-16,598.47,604.18,604.59,598.38,45523968045.68,0,0.01004732652005363
2021-04-19,604.57,601.93,605.24,601.69,21750281194.39,0,-0.0037310073046029333
2021-04-20,602.17,601.15,603.48,601.06,31531649086.9,0,-0.0012966720572003523
2021-04-21,601.46,602.1,602.27,601.38,28012982829.25,0,0.0015790570494840683
2021-04-22,602.27,603.93,603.93,602.27,25499450108.77,0,0.0030347527084443617
2021-04-23,604.15,604.38,605.27,604.15,48058141120.65,0,0.0007448420037982149
2021-04-26,604.75,605.43,605.82,604.75,13844271377.38,0,0.0017358101910888721
2021-04-27,605.61,604.2,606.02,604.13,11146037665.57,0,-0.0020336804211619933
2021-04-28,604.31,603.05,605.86,602.85,14808374146.83,0,-0.0019051569233197738
2021-04-29,603.35,604.34,605.68,603.29,12258920747.77,0,0.002136841436246513
2021-04-30,604.38,603.9,605.3,603.78,9097132238.21,0,-0.0007283321516429326
2021-05-04,604.48,605.09,605.09,604.48,6625227968.72,0,0.0019685859838437687
2021-05-05,605.36,605.63,606.01,605.36,6071915317.26,0,0.0008920312472039181
2021-05-06,605.72,606.13,606.48,605.72,7040601574.62,0,0.0008252459701199729
2021-05-07,606.27,605.67,607.08,605.41,4262200248.92,0,-0.0007592012247811156
2021-05-10,605.99,606.98,607.16,605.99,102482115.82,0,0.0021605582972684385
2021-05-11,607.08,605.63,607.3,605.48,16085785761.31,0,-0.0022266030426074503
2021-05-12,605.59,604.67,606.26,604.61,19118372844.52,0,-0.0015863838739636513
2021-05-13,605.32,602.99,606.1,602.79,16777136265.96,0,-0.0027822418291929512
2021-05-14,603.01,604.55,605.11,603.01,13327137577.7,0,0.0025837667785091165
2021-05-17,604.93,604.79,605.39,604.36,13171311758.33,0,0.0003969107168385781
2021-05-18,604.89,604.67,605.73,604.67,6329728705.19,0,-0.00019843566615477217
2021-05-19,604.84,604.3,605.46,604.3,12862461859.78,0,-0.0006120913034266696
2021-05-20,604.87,604.96,606.08,604.59,7895795466.91,0,0.0010915767751099893
2021-05-21,605.2,605.36,605.99,605.2,17212121873.44,0,0.0006609822436434645
2021-05-24,605.69,605.36,606.3,605.36,7247889476.14,0,0.0
2021-05-25,605.44,605.05,606.39,605.02,9669887663.21,0,-0.0005122231422047141
2021-05-26,605.34,605.33,606.15,605.18,10680102006.2,0,0.00046266462597670125
2021-05-27,605.41,605.62,607.29,605.41,15281575650.54,0,0.0004789628069597562
2021-05-28,605.72,605.35,606.83,605.35,8675689885.03,0,-0.0004459235232484221
2021-05-31,605.81,605.25,606.18,605.25,2543023796.55,0,-0.00016520733558148895
2021-06-01,605.37,604.69,606.2,604.69,7146003085.93,0,-0.000925665801587849
2021-06-02,604.81,604.58,605.77,604.58,35035503393.63,0,-0.00018192794049860884
2021-06-03,604.7,604.24,605.63,604.22,14060373888.92,0,-0.0005625320708888022
2021-06-04,604.4,603.16,605.49,603.1,15284162666.21,0,-0.0017889685075978003
2021-06-07,603.48,603.07,603.83,603.05,8250593637.67,0,-0.00014922527240563457
2021-06-08,603.19,601.54,604.44,601.53,16269808245.66,0,-0.0025402426058826894
2021-06-09,601.65,600.65,601.66,600.31,15364305716.65,0,-0.0014806314519224403
2021-06-10,600.8,601.73,601.73,600.77,14549149905.29,0,0.0017964375496049465
2021-06-11,601.8,604.36,604.36,601.79,20836409885.79,0,0.0043612071546514
2021-06-14,604.69,604.74,605.47,604.43,552288884.0,0,0.0006285667232012583
2021-06-15,604.93,604.04,605.34,604.04,9215475572.36,0,-0.001158192687253198
2021-06-16,604.03,602.72,604.36,602.68,20566577240.19,0,-0.0021876769638573745
2021-06-17,602.93,603.12,603.4,602.45,26167747326.14,0,0.0006634379597154813
2021-06-18,603.27,605.44,605.6,603.24,28770595036.92,0,0.003839284520012478
2021-06-21,605.78,605.04,606.01,605.02,9157626053.75,0,-0.0006608948756848214
2021-06-22,605.19,605.01,605.61,605.01,2738337270.31,0,-4.9584727913919006e-05
2021-06-23,605.14,605.56,605.58,604.85,19210994088.56,0,0.0009086629238178966
2021-06-24,605.76,606.52,606.83,605.76,16284272531.49,0,0.0015840541890605
2021-06-25,606.67,606.16,606.94,606.04,16338390323.59,0,-0.0005937263096205444
2021-06-28,606.44,605.41,607.08,605.41,11063474192.84,0,-0.0012380631672953778
2021-06-29,605.46,603.74,606.19,603.49,35626862055.21,0,-0.002762272773208451
2021-06-30,603.82,603.89,604.95,603.56,10379800548.5,0,0.00024842046118660384
2021-07-01,604.08,604.39,604.9,604.08,16306047287.82,0,0.0008276227836925658
2021-07-02,604.52,603.99,604.69,603.98,15675925604.36,0,-0.0006620434211258113
2021-07-05,604.3,604.73,604.98,604.25,33022109756.29,0,0.0012244359197388927
2021-07-06,604.89,604.62,605.53,604.6,8324081470.82,0,-0.00018191590574003622
2021-07-07,604.73,604.51,605.62,604.5,31958164103.34,0,-0.00018194900515825863
2021-07-08,604.52,603.64,604.72,603.47,18401044828.18,0,-0.001440218764858167
2021-07-09,603.89,604.35,604.41,603.71,17782615476.93,0,0.0011755065551161856
2021-07-12,604.68,604.16,605.13,604.15,11392661007.29,0,-0.00031443678838483373
2021-07-13,604.25,604.13,605.15,604.08,8080641765.1,0,-4.965695322508705e-05
2021-07-14,604.24,604.07,604.68,604.07,16554776267.18,0,-9.932130450134217e-05
2021-07-15,604.16,604.98,605.09,604.16,18293861324.41,0,0.0015053143738241728
2021-07-16,605.2,605.18,605.77,605.0,21829556099.26,0,0.0003305348083241618
2021-07-19,605.52,605.0,605.52,604.91,9425761503.49,0,-0.00029747641066178807
2021-07-20,605.1,605.91,605.91,604.71,14183971062.17,0,0.001503002157565177
2021-07-21,606.07,608.02,608.03,605.87,38184573814.81,0,0.0034763159735825165
2021-07-22,608.17,610.29,610.29,607.88,49725540260.83,0,0.003726477869980917
2021-07-23,610.5,611.02,611.47,610.44,41117255776.93,0,0.0011954378281274522
2021-07-26,611.39,611.56,611.56,610.96,29751437200.7,0,0.000883377832315171
2021-07-27,611.72,612.69,612.71,610.88,31386421926.0,0,0.0018460287047634568
2021-07-28,612.8,613.76,613.76,612.73,43736543339.36,0,0.0017448738578424322
2021-07-29,613.73,613.89,614.3,613.66,34780936267.11,0,0.00021178674782872364
2021-07-30,613.99,614.19,614.19,613.42,22770443195.02,0,0.0004885675297496422
2021-08-02,614.55,614.02,615.49,614.02,21127777391.57,0,-0.0002768256260504448
2021-08-03,614.08,613.68,614.22,613.68,28152520885.51,0,-0.0005538812555058493
2021-08-04,613.81,612.89,613.87,612.85,16863781687.18,0,-0.0012881451678067525
2021-08-05,613.0,613.36,613.63,612.96,18882821794.57,0,0.0007665647674049471
2021-08-06,613.51,612.78,613.92,612.75,20415926268.64,0,-0.0009460584325764327
2021-08-09,613.22,612.03,613.81,612.03,8683580526.85,0,-0.0012246798993150608
2021-08-10,612.17,611.71,612.31,611.71,34168041694.32,0,-0.000522986920904215
2021-08-11,611.78,611.38,612.25,611.36,22021059208.34,0,-0.0005396168851149772
2021-08-12,611.44,611.59,612.02,611.31,23427065320.72,0,0.00034342625258839587
2021-08-13,611.71,611.87,612.32,611.5,26169454315.09,0,0.00045771828239322287
2021-08-16,612.23,613.85,613.85,612.17,30732847779.11,0,0.003230756979139082
2021-08-17,614.0,614.81,614.91,613.92,41987240767.16,0,0.0015626783574901797
2021-08-18,614.81,614.73,614.9,614.45,16218960453.39,0,-0.00013012996748833975
2021-08-19,614.88,613.55,615.4,613.52,18819387014.17,0,-0.0019213865942941104
2021-08-20,613.75,613.66,615.32,613.38,6949522581.72,0,0.0001792684223476642
2021-08-23,614.04,613.76,614.5,613.74,5092734847.93,0,0.00016294341011425072
2021-08-24,613.9,613.33,614.57,613.33,10334081699.58,0,-0.0007008451174742331
2021-08-25,613.46,613.11,613.82,613.11,38098012906.71,0,-0.0003587619489901034
2021-08-26,613.22,611.97,613.7,611.97,5451960762.89,0,-0.0018611034855716975
2021-08-27,612.03,612.95,613.0,611.97,15475507646.94,0,0.0016001048380206281
2021-08-30,613.32,613.8,614.09,613.32,5580507435.4,0,0.0013857756446324842
2021-08-31,613.91,614.22,614.29,613.67,13133800518.02,0,0.000684027974098673
2021-09-01,614.33,614.42,614.59,614.08,22047601195.28,0,0.0003255632272535438
2021-09-02,614.55,613.36,614.69,613.34,12491712685.28,0,-0.0017266941363491472
2021-09-03,613.51,613.78,614.85,613.44,16339171573.05,0,0.0006845185005782905
2021-09-06,614.11,613.81,614.57,613.72,3761027463.08,0,4.887625348192379e-05
2021-09-07,613.92,613.25,613.96,613.24,12153694731.52,0,-0.0009127508661004386
2021-09-08,613.44,613.12,614.27,613.12,13886249362.01,0,-0.00021200779615764825
2021-09-09,613.28,613.28,613.93,613.16,4547373418.01,0,0.0002609262898038123
2021-09-10,613.4,613.79,613.79,612.78,21040442314.08,0,0.0008312484688996225
2021-09-13,614.13,614.48,614.89,614.13,12762894472.63,0,0.0011235315892819443
2021-09-14,614.68,614.23,615.0,614.23,16467296881.18,0,-0.00040693085178744067
2021-09-15,614.3,613.49,614.86,613.47,13939377202.06,0,-0.0012054867390185015
2021-09-16,613.71,613.55,614.3,613.55,30086565763.16,0,9.779632293616774e-05
2021-09-17,613.69,613.2,614.74,613.2,28494661519.18,0,-0.0005706134248976241
2021-09-20,613.5,611.03,613.74,611.02,19562454335.45,0,-0.003545089195087497
2021-09-21,611.12,611.46,611.48,611.05,9402310984.84,0,0.0007034822660855957
2021-09-22,611.58,611.75,612.17,611.46,17726685825.21,0,0.0004741622541237952
2021-09-23,611.81,610.06,612.07,609.98,21315899024.22,0,-0.002766389336778624
2021-09-24,610.35,608.86,610.88,608.86,17970754729.9,0,-0.0019689567611967987
2021-09-27,609.3,607.61,609.79,607.61,22682409171.98,0,-0.0020551274424407935
2021-09-28,607.58,608.15,609.64,607.58,23568076884.57,0,0.0008883332820805531
2021-09-29,608.33,608.63,608.64,608.17,10006673166.64,0,0.0007889676439434419
2021-09-30,608.78,607.8,608.78,607.78,7362772649.12,0,-0.0013646492256962908
2021-10-01,607.95,606.63,608.52,606.51,14069878479.65,0,-0.0019268304669446611
2021-10-04,607.04,605.57,608.47,605.57,9415847697.32,0,-0.0017488867681516654
2021-10-05,605.7,602.35,605.94,602.35,16550844274.66,0,-0.005331491534734499
2021-10-06,602.36,600.29,603.01,599.93,20893936624.52,0,-0.0034257999313139264
2021-10-07,600.47,602.74,602.74,600.11,13028550554.09,0,0.004073054515810598
2021-10-08,602.95,605.05,605.05,602.95,13176395767.03,0,0.0038251729467030184
2021-10-11,605.45,605.1,605.82,605.1,4439232269.06,0,8.263438421446604e-05
2021-10-12,605.26,604.65,605.43,604.5,9702981723.78,0,-0.0007439553969913977
2021-10-13,604.84,605.06,605.12,604.2,15203924594.68,0,0.0006778484359041513
2021-10-14,605.29,606.21,606.23,605.28,13567787638.43,0,0.0018988340263258773
2021-10-15,606.33,606.43,607.03,606.09,7245234490.74,0,0.0003628447064480908
2021-10-18,606.81,604.71,606.93,604.71,10200469615.2,0,-0.0028403011316846115
2021-10-19,604.85,604.73,605.8,604.51,11204785452.63,0,3.307315782800503e-05
2021-10-20,604.81,603.92,605.3,603.84,24399220850.39,0,-0.0013403385947368441
2021-10-21,604.06,602.35,604.62,602.35,29606926239.34,0,-0.002603067118507526
2021-10-22,602.52,597.62,602.78,597.62,42870935960.06,0,-0.007883571252126579
2021-10-25,598.19,592.53,598.59,592.53,52501906937.71,0,-0.00855359582185914
2021-10-26,592.64,590.13,592.65,590.1,56644933223.12,0,-0.004058653027128627
2021-10-27,590.43,591.09,592.73,589.93,48058162231.85,0,0.0016254384642387563
2021-10-28,591.23,586.38,592.12,586.3,36493970794.43,0,-0.008000246497186834
2021-10-29,586.49,586.73,587.66,586.47,31092029514.39,0,0.0005967045040704272
2021-11-01,587.16,584.68,588.05,584.68,44034601049.72,0,-0.0035000590617778535
2021-11-02,584.84,584.05,585.44,583.7,36060283161.98,0,-0.0010780934193868675
2021-11-03,584.23,584.86,585.4,584.23,19097582785.71,0,0.001385906750134361
2021-11-05,585.11,585.06,586.23,584.94,495697279.13,0,0.00034190372324298526
2021-11-08,585.47,587.03,587.04,585.47,11665331820.73,0,0.0033615197724622793
2021-11-09,587.22,589.36,589.36,587.21,39736751540.71,0,0.003961276527013256
2021-11-10,589.57,591.57,591.65,589.57,29692331102.77,0,0.0037428172371460344
2021-11-11,591.84,592.35,594.37,591.83,18118448817.4,0,0.001317656789063876
2021-11-12,592.57,590.35,593.55,590.35,13329381930.11,0,-0.0033820950476493427
2021-11-15,590.83,589.28,591.48,589.28,10011827966.1,0,-0.00181412865636362
2021-11-16,589.21,586.89,589.21,586.89,18704985656.38,0,-0.00406404395542488
2021-11-17,587.35,587.17,588.38,586.43,14215346342.08,0,0.0004769773355849169
2021-11-18,587.32,584.66,588.49,584.66,19023710065.28,0,-0.004283904386457648
2021-11-19,584.74,583.31,585.22,583.31,17486757314.76,0,-0.0023117042410290365
2021-11-22,583.6,578.79,583.88,578.79,24650625664.89,0,-0.007779059966437555
2021-11-23,579.01,576.2,579.88,576.16,29910201817.79,0,-0.004484894832562894
2021-11-24,577.21,578.37,580.16,576.65,32502769801.47,0,0.0037589796290590006
2021-11-25,578.55,580.72,580.73,578.55,36056810791.65,0,0.004054910697098091
2021-11-26,580.74,580.18,582.07,579.19,14426237155.75,0,-0.0009303127555288843
2021-11-29,580.61,584.47,584.51,580.61,18843218156.13,0,0.007367053454257306
2021-11-30,584.66,584.3,585.9,583.96,16325130678.3,0,-0.00029090411492238284
2021-12-01,584.15,585.04,585.52,584.02,11892755713.02,0,0.0012656714023044973
2021-12-02,585.5,583.11,586.42,582.52,11282395309.16,0,-0.0033043731646103898
2021-12-03,583.28,584.4,585.3,583.28,13525881359.61,0,0.002209832078459022
2021-12-06,584.78,583.26,585.09,583.26,28643794100.43,0,-0.0019526238155118103
2021-12-07,583.36,580.62,583.63,580.56,99963397043.59,0,-0.004536557940126459
2021-12-08,581.08,581.37,583.23,581.08,25666293077.03,0,0.0012908890853616374
2021-12-09,581.55,582.03,582.09,581.47,16360266182.64,0,0.0011346055884529198
2021-12-10,582.22,582.68,582.94,582.22,21794973429.7,0,0.0011161577860262465
2021-12-13,583.15,582.67,584.97,582.67,10944445103.53,0,-1.7162225941130767e-05
2021-12-14,582.62,581.48,582.62,581.08,19647793605.86,0,-0.0020444107966815688
2021-12-15,581.76,581.79,583.18,581.75,22549869909.02,0,0.000532980318134779
2021-12-16,581.91,583.22,583.42,581.67,22636393900.53,0,0.002454915782990962
2021-12-17,583.41,584.4,585.07,583.41,16472799369.38,0,0.0020212062172942765
2021-12-20,584.9,587.31,588.1,584.86,38395011200.38,0,0.004967109580016551
2021-12-21,587.76,587.37,589.05,587.37,29574427482.62,0,0.00010215548073041475
2021-12-22,587.44,587.78,587.82,587.02,31636952727.51,0,0.0006977832900239495
2021-12-23,587.91,588.24,589.56,587.89,16202846886.23,0,0.0007822996606515456
2021-12-24,588.36,588.58,589.57,588.36,9609855725.08,0,0.0005778284010470338
2021-12-27,589.01,588.93,590.86,588.93,10996929552.2,0,0.0005944747990376523
2021-12-28,589.14,589.07,590.96,589.07,12551209126.31,0,0.00023769100281695958
2021-12-29,589.2,589.01,590.38,589.0,8572296874.97,0,-0.00010186065471264294
2021-12-30,589.17,589.78,591.17,589.14,6693622721.9,0,0.0013064245701374332
2022-01-03,590.3,592.16,594.11,590.3,373101951.99,0,0.004027282631552466
2022-01-04,592.29,592.73,592.74,592.14,286420920.81,0,0.0009621147008905639
2022-01-05,592.88,593.34,593.54,592.86,281064992.01,0,0.001028607171218147
2022-01-06,593.48,590.38,593.58,590.38,1337890948.45,0,-0.005001193136227404
2022-01-10,590.86,587.35,593.12,587.35,12515536953.52,0,-0.0051455031038320845
2022-01-11,587.45,584.12,587.96,584.12,17324562392.94,0,-0.005514453097624294
2022-01-12,584.23,582.58,585.63,582.58,11833693362.8,0,-0.0026399261067657125
2022-01-13,582.92,577.67,583.8,577.67,37465103167.62,0,-0.00846374369420689
2022-01-14,577.66,566.71,577.66,566.64,45224962295.64,0,-0.019155062330591336
2022-01-17,567.06,563.29,572.63,563.29,40158980843.84,0,-0.006053115827352008
2022-01-18,563.42,562.44,566.84,561.95,30050854872.08,0,-0.001510131490739537
2022-01-19,562.66,568.07,568.3,562.66,36883654265.13,0,0.009960188841800577
2022-01-20,568.51,566.88,570.83,566.34,16793922043.4,0,-0.002097009447253837
2022-01-21,567.05,565.49,569.13,565.15,14878985743.39,0,-0.0024550291833003233
2022-01-24,566.04,558.59,567.89,558.43,35040281847.81,0,-0.012276860480627084
2022-01-25,558.73,557.65,561.54,557.64,33788148421.36,0,-0.0016842260126885638
2022-01-26,558.17,556.9,559.96,556.17,55535200359.22,0,-0.0013458348449230176
2022-01-27,557.16,559.99,560.1,557.16,26608531894.82,0,0.005533235831274239
2022-01-28,560.12,563.66,566.07,560.12,25671162188.79,0,0.006532306412518453
2022-01-31,564.02,564.69,567.31,563.98,12768620922.34,0,0.0018256751647810056
2022-02-01,564.82,565.85,567.91,564.82,23721787259.12,0,0.002052117407754186
2022-02-02,566.03,567.46,567.55,565.95,34314522184.9,0,0.0028412368779544414
2022-02-03,567.59,566.54,568.87,566.23,25623410959.26,0,-0.0016225753118947223
2022-02-04,566.71,567.53,568.73,566.71,8164104022.28,0,0.0017459244164483713
2022-02-07,568.05,567.65,569.83,567.65,15091992977.56,0,0.00021142021608386036
2022-02-08,567.77,567.87,569.24,567.71,14826128081.83,0,0.00038748767569517505
2022-02-09,568.11,568.21,569.89,568.11,22804993567.09,0,0.0005985494157995153
2022-02-10,568.42,567.27,569.8,567.27,43002875160.26,0,-0.0016556878407992324
2022-02-11,567.39,561.56,569.16,561.56,27561376437.87,0,-0.010116755757487703
2022-02-14,561.7,551.03,561.7,550.08,31628123949.02,0,-0.01892937097201063
2022-02-15,551.35,555.84,555.92,550.95,27356125802.77,0,0.008691228921000448
2022-02-16,556.02,560.73,561.03,556.02,21023654317.49,0,0.008759023193456098
2022-02-17,560.86,558.27,561.7,557.82,37635554865.11,0,-0.004396789924950719
2022-02-18,558.22,558.13,560.43,558.13,31468969000.84,0,-0.00025080616398044284
2022-02-21,558.49,547.08,559.48,547.08,47644155030.41,0,-0.019996866143914716
2022-02-22,546.15,534.8,546.15,530.04,42405177316.07,0,-0.022702198785562344
2022-02-24,534.38,461.02,534.38,461.02,27016773681.52,0,-0.1484514192242566
2022-02-25,461.93,479.03,487.62,460.82,53555367270.08,0,0.03832179992634411
2022-03-21,479.0,455.2,479.0,436.88,11658783738.37,0,-0.051026343117754426
2022-03-22,455.67,477.14,477.23,455.58,9766104935.19,0,0.04707306606143126
2022-03-23,477.39,474.42,480.65,474.42,7196863437.8,0,-0.005716943562661624
2022-03-24,474.76,476.55,476.61,472.12,5745160086.22,0,0.004479644072744232
2022-03-25,477.59,480.35,482.33,477.59,6119614030.22,0,0.007942355472112646
2022-03-28,480.71,479.01,481.23,478.74,7630608050.77,0,-0.002793530836027975
2022-03-29,479.32,486.38,486.38,479.32,8867284039.86,0,0.015268737365799461
2022-03-30,486.41,507.42,507.42,486.41,5944821102.96,0,0.04234885163666664
2022-03-31,507.79,519.32,519.32,507.79,10173048422.73,0,0.023181200469866936
2022-04-01,519.67,520.38,526.52,519.67,4457677743.32,0,0.0020390504323665507
2022-04-04,520.76,514.35,525.33,514.34,5049059150.66,0,-0.011655346347380333
2022-04-05,514.63,513.86,515.33,513.83,2269776894.84,0,-0.0009531127631397442
2022-04-06,513.97,512.59,515.85,512.59,1310907591.49,0,-0.0024745494628267027
2022-04-07,512.67,512.55,513.08,511.86,14843903862.23,0,-7.803812166218983e-05
2022-04-08,512.73,529.21,529.21,512.73,7761469924.22,0,0.03198706128032251
2022-04-11,529.59,540.63,541.07,529.51,3247821257.73,0,0.02134979768855658
2022-04-12,540.77,540.48,542.43,539.88,7588195564.73,0,-0.00027749257885414626
2022-04-13,540.63,543.31,543.31,540.63,4833727681.33,0,0.005222425805833227
2022-04-14,544.04,546.75,547.58,544.04,5051401847.24,0,0.006311600131608791
2022-04-15,546.89,543.86,547.54,543.85,2463216109.57,0,-0.005299798763061845
2022-04-18,544.23,547.87,547.87,544.23,9490656411.87,0,0.0073461717342236605
2022-04-19,548.54,555.45,555.45,548.54,8389975333.06,0,0.013740563499692398
2022-04-20,555.65,559.89,559.89,555.63,16240374565.73,0,0.007961739835416402
2022-04-21,560.23,565.64,565.84,560.23,13161263597.57,0,0.010217497576428008
2022-04-22,565.74,564.7,566.24,564.7,6520234051.42,0,-0.0016632167607846101
2022-04-25,564.81,561.06,564.81,560.87,6086472436.88,0,-0.00646676500338083
2022-04-26,561.24,563.05,563.25,559.73,9247555572.67,0,0.003540582467624198
2022-04-27,563.18,562.65,564.17,562.62,13683890475.06,0,-0.0007106689470285297
2022-04-28,562.72,561.68,563.21,561.55,24188527457.91,0,-0.0017254724870126626
2022-04-29,561.92,563.04,563.74,561.92,9468997350.42,0,0.0024183808642816527
2022-05-04,563.61,561.58,563.7,561.58,2849948873.3,0,-0.0025964340314275107
2022-05-05,561.7,560.1,561.86,560.09,4306083593.84,0,-0.002638900326060875
2022-05-06,560.25,559.47,560.77,559.22,1779565472.24,0,-0.0011254322043219086
2022-05-11,560.12,559.78,560.97,559.78,1938352168.95,0,0.0005539423862888792
2022-05-12,559.91,559.1,560.21,559.1,4840188216.14,0,-0.0012155013651539868
2022-05-13,559.11,558.75,559.31,558.19,10028904398.15,0,-0.000626202104821107
2022-05-16,559.12,560.05,560.58,559.12,22506334346.33,0,0.0023239195299698287
2022-05-17,560.17,560.36,560.7,559.9,6626912655.77,0,0.0005533688701647035
2022-05-18,560.47,560.01,560.78,559.83,9025504623.93,0,-0.0006247936152979861
2022-05-19,560.12,561.61,561.61,559.58,13433776389.59,0,0.0028530181082628077
2022-05-20,561.66,563.13,563.22,561.54,9874402726.31,0,0.0027028485256134446
2022-05-23,563.62,563.21,564.09,561.88,8878148432.73,0,0.00014205302152918683
2022-05-24,563.39,563.44,563.63,562.73,15370265272.45,0,0.0004082900691343771
2022-05-25,563.54,574.47,574.47,563.5,16336819836.36,0,0.019387026167030454
2022-05-26,574.58,581.11,582.01,574.58,4665472015.45,0,0.01149219107084687
2022-05-27,581.37,579.89,581.83,579.89,5361995703.77,0,-0.0021016372937974004
2022-05-30,580.27,579.11,580.34,579.01,8112819527.81,0,-0.0013459881238299023
2022-05-31,579.24,579.27,579.83,578.58,13638259802.48,0,0.0002762478651522532
2022-06-01,579.35,584.45,584.45,579.35,16938963493.18,0,0.00890254393122233
2022-06-02,584.94,591.13,591.22,584.61,8504303965.98,0,0.011364725322362912
2022-06-03,591.37,591.67,592.52,590.4,5912049654.75,0,0.0009130876522113582
2022-06-06,592.01,594.34,594.35,592.01,11293201945.08,0,0.004502499153682452
2022-06-07,594.48,594.84,597.25,594.48,7204202019.71,0,0.000840915638446967
2022-06-08,595.11,594.93,597.65,594.9,5099627555.31,0,0.00015128974536519226
2022-06-09,595.2,596.84,596.92,595.09,9629234272.69,0,0.0032053192063728276
2022-06-10,596.98,597.85,600.24,596.86,8981850164.42,0,0.0016908155933680318
2022-06-14,598.3,594.95,598.3,594.89,7184890124.67,0,-0.004862517964426535
2022-06-15,595.06,594.92,596.15,594.52,5641014900.27,0,-5.042567676543263e-05
2022-06-16,595.06,598.09,598.09,595.06,4292059582.88,0,0.005314301574234995
2022-06-17,598.26,598.0,599.74,597.96,6042783177.2,0,-0.00015049034800036285
2022-06-20,598.54,599.3,600.33,598.54,7005645796.69,0,0.002171553513507711
2022-06-21,599.49,600.13,600.77,599.49,10465417983.61,0,0.0013839909498412053
2022-06-22,600.3,600.55,601.64,600.3,5731355758.93,0,0.0006996035865185875
2022-06-23,600.68,603.0,603.0,600.66,13613951943.68,0,0.0040712947266862524
2022-06-24,603.1,605.39,605.39,603.1,6560840026.35,0,0.003955681719384071
2022-06-27,605.87,608.68,608.68,605.87,17496383229.73,0,0.0054197996053442265
2022-06-28,608.86,609.68,610.39,608.86,10074174319.91,0,0.001641551305948134
2022-06-29,609.81,609.27,610.12,609.24,13931350016.43,0,-0.000672710144733973
2022-06-30,609.4,607.78,609.44,607.74,10922178598.85,0,-0.002448544832874979
2022-07-01,607.9,606.49,607.99,606.44,12219024050.86,0,-0.00212473417824403
2022-07-04,606.83,604.37,607.12,604.37,4579347642.43,0,-0.003501647037978812
2022-07-05,604.45,602.06,604.84,602.06,7864672828.5,0,-0.003829485047625416
2022-07-06,602.17,602.4,605.01,601.89,4794897385.55,0,0.0005645683692790005
2022-07-07,602.54,604.89,604.97,602.49,18442539823.0,0,0.004124946832410067
2022-07-08,605.01,605.75,606.74,604.84,7370707866.59,0,0.0014207363785412196
2022-07-11,606.22,605.53,607.05,605.53,5102524500.95,0,-0.00036325210094960273
2022-07-12,605.69,604.49,606.06,604.49,10522742975.22,0,-0.0017189802748560521
2022-07-13,604.7,603.94,606.1,603.93,14309492319.17,0,-0.000910272068679624
2022-07-14,604.06,604.21,604.79,603.88,11775047585.1,0,0.0004469643744485277
2022-07-15,604.3,604.55,604.55,603.81,2643788878.26,0,0.0005625599936575006
2022-07-18,604.86,604.16,605.53,604.15,4879464034.03,0,-0.000645316103174544
2022-07-19,604.37,604.05,605.35,604.03,3760442265.39,0,-0.0001820875515083836
2022-07-20,604.2,604.62,604.81,604.2,11161701300.01,0,0.0009431855547933855
2022-07-21,604.81,607.59,607.59,604.81,25666373165.64,0,0.004900150869632372
2022-07-22,607.76,614.31,614.31,607.76,21048037236.96,0,0.010999374338579903
2022-07-25,614.7,616.48,616.96,614.7,20048404322.82,0,0.0035261941492691707
2022-07-26,616.6,616.03,617.45,615.81,15396106849.1,0,-0.0007302172314961823
2022-07-27,616.2,616.4,617.11,615.96,17402575854.77,0,0.0006004397996093188
2022-07-28,616.55,617.08,618.04,616.55,12869661883.72,0,0.0011025716977780904
2022-07-29,617.17,618.24,618.31,617.17,4603416611.38,0,0.0018780564403596206
2022-08-01,618.6,618.73,619.55,618.6,5209165507.29,0,0.0007922585440713635
2022-08-02,618.91,618.87,619.82,618.86,13501406357.16,0,0.00022624434485637323
2022-08-03,619.07,618.05,619.08,618.05,11092507201.5,0,-0.0013258741391942732
2022-08-04,618.16,618.25,618.85,617.96,18440121718.52,0,0.0003235460676935814
2022-08-05,618.42,617.87,619.36,617.86,6095483425.82,0,-0.0006148270588136658
2022-08-08,618.26,618.17,618.49,617.83,2861354129.07,0,0.00048542119331215625
2022-08-09,618.33,618.43,619.25,618.32,6774634188.11,0,0.0004205078502850199
2022-08-10,618.64,617.73,618.98,617.73,6920883939.18,0,-0.0011325395981441775
2022-08-11,617.81,615.88,618.57,615.88,5059345936.73,0,-0.0029993294264469604
2022-08-12,615.97,613.88,615.97,613.76,5367391304.81,0,-0.003252670054823874
2022-08-15,614.2,615.54,615.75,614.2,2527812747.46,0,0.002700462020782165
2022-08-16,615.66,616.25,616.71,615.66,3219761610.28,0,0.001152794029223561
2022-08-17,616.42,617.05,617.39,616.42,4966843678.87,0,0.0012973325422924984
2022-08-18,617.17,617.37,618.33,617.17,4399196126.62,0,0.0005184621233747739
2022-08-19,617.53,616.51,618.01,616.5,3598316157.22,0,-0.0013939769495586024
2022-08-22,616.89,615.68,617.42,615.68,3327484299.83,0,-0.0013471950357217901
2022-08-23,615.78,615.61,616.41,615.39,7423356404.63,0,-0.00011370189001023699
2022-08-24,615.74,615.17,615.82,615.0,12921723988.19,0,-0.0007149937742645413
2022-08-25,615.29,616.3,616.38,615.29,7673966124.22,0,0.0018352055951851676
2022-08-26,616.42,616.59,617.36,616.39,3120580453.51,0,0.00047043938282984455
2022-08-29,616.96,616.94,617.4,616.73,6188841342.9,0,0.000567477093208123
2022-08-30,617.03,617.35,617.39,616.93,5530709913.43,0,0.0006643495695173963
2022-08-31,617.46,616.73,617.76,616.44,8840839205.1,0,-0.0010047971803506172
2022-09-01,616.89,617.48,617.75,616.89,6287561811.88,0,0.0012153524802385944
2022-09-02,617.65,619.0,619.02,617.65,12696015628.07,0,0.002458593370955461
2022-09-05,619.39,621.39,621.39,619.39,7444380468.83,0,0.003853631450945121
2022-09-06,621.62,622.47,622.65,621.62,4678377943.34,0,0.0017365302709282005
2022-09-07,622.62,622.52,623.28,622.52,7338893119.41,0,8.032193033984746e-05
2022-09-08,622.65,621.78,622.98,621.78,5267845210.35,0,-0.0011894239126281664
2022-09-09,622.02,620.96,622.03,620.91,2589038844.36,0,-0.0013196648035847917
2022-09-12,621.31,621.98,622.14,621.28,7248159823.7,0,0.001641270260785229
2022-09-13,622.11,620.96,622.6,620.96,8282018133.96,0,-0.0016412702607852987
2022-09-14,621.16,621.15,621.74,620.9,7624904757.06,0,0.0003059310390896711
2022-09-15,621.27,621.97,622.33,621.18,12005381902.85,0,0.0013192614050628803
2022-09-16,622.13,622.12,623.92,622.12,19406906455.59,0,0.00024114011161063096
2022-09-19,622.35,615.18,622.35,615.17,10226716090.28,0,-0.011218092266304576
2022-09-20,615.32,608.01,615.32,608.01,24491135729.13,0,-0.01172357871072324
2022-09-21,607.51,595.48,607.51,583.37,18051500018.51,0,-0.02082352619047504
2022-09-22,595.58,599.17,604.4,595.58,13903669708.71,0,0.00617756118509717
2022-09-23,599.39,592.29,601.13,592.29,7277461211.87,0,-0.011548984389706467
2022-09-26,592.61,579.52,592.65,577.4,7287672412.91,0,-0.02179620510919851
2022-09-27,580.08,590.56,590.61,580.08,5073428169.56,0,0.01887106458663978
2022-09-28,590.84,589.89,592.76,589.89,10591423160.2,0,-0.0011351604421131155
2022-09-29,589.99,582.97,590.48,582.97,9435997501.34,0,-0.01180035178907616
2022-09-30,583.01,579.01,583.77,578.87,5546569737.33,0,-0.006815978469481078
2022-10-03,579.45,584.8,584.8,579.44,9921293069.66,0,0.009950159854550736
2022-10-04,585.23,591.63,592.46,585.23,12662326488.45,0,0.011611531054518667
2022-10-05,591.78,591.56,592.68,591.42,13790775890.19,0,-0.00011832419151908214
2022-10-06,591.71,593.85,593.89,591.68,9685043684.33,0,0.0038636469216810593
2022-10-07,593.97,593.17,594.57,593.17,4673230323.06,0,-0.001145726397846354
2022-10-10,593.43,588.89,593.43,587.11,5066985070.1,0,-0.007241626827736391
2022-10-11,589.32,593.37,593.45,589.32,8190778724.17,0,0.007578741466761114
2022-10-12,593.75,595.51,596.15,593.75,8114878016.71,0,0.003600030804183937
2022-10-13,595.73,596.48,597.47,595.73,8772939595.23,0,0.0016275307915601892
2022-10-14,596.63,597.44,598.51,596.62,7816813677.96,0,0.0016081482961861253
2022-10-17,597.87,599.87,600.46,597.85,11911497916.78,0,0.004059104720508643
2022-10-18,600.02,600.91,601.88,600.02,21497962617.99,0,0.0017322078316546648
2022-10-19,601.03,600.89,601.4,600.48,8726670931.0,0,-3.3283408224054915e-05
2022-10-20,601.09,602.34,602.36,601.09,5569488724.75,0,0.002410180434193202
2022-10-21,602.52,603.98,604.16,602.52,10399389927.32,0,0.0027190148723096334
2022-10-24,604.5,605.33,606.0,604.5,10965134375.75,0,0.0022326790662381447
2022-10-25,605.46,605.35,606.8,605.35,10197372924.14,0,3.3039283711380066e-05
2022-10-26,605.56,605.21,606.36,605.21,5905474150.26,0,-0.00023129791274139697
2022-10-27,605.5,604.38,606.07,604.38,8736096751.49,0,-0.0013723660583631607
2022-10-28,604.56,604.32,605.9,604.32,7271895075.08,0,-9.928021849792156e-05
2022-10-31,604.72,603.16,605.28,603.16,9534229850.53,0,-0.0019213574665520024
2022-11-01,603.29,603.03,604.99,603.01,6322533834.57,0,-0.00021555476418030653
2022-11-02,603.22,600.37,604.74,600.3,17223390609.46,0,-0.004420814911358159
2022-11-03,600.55,600.5,602.26,600.39,6312653641.59,0,0.00021650969798198111
2022-11-07,601.2,601.45,603.13,601.2,9014203961.87,0,0.0015807649200434966
2022-11-08,601.55,598.92,602.38,598.92,16051372208.21,0,-0.00421537317056351
2022-11-09,599.0,598.02,599.45,597.64,12471688823.76,0,-0.0015038350620982454
2022-11-10,598.21,600.39,600.69,598.15,12963488737.78,0,0.00395524585022362
2022-11-11,600.61,601.42,602.06,600.61,5393707431.23,0,0.0017140816804399387
2022-11-14,601.86,601.59,602.92,601.53,6901173478.18,0,0.0002826244189684435
2022-11-15,601.75,601.87,602.26,601.65,11875943214.8,0,0.0004653249880382137
2022-11-16,601.99,603.56,603.56,601.61,16962278200.96,0,0.0028039805003601858
2022-11-17,603.83,606.72,606.96,603.83,11350187558.15,0,0.005221943981151846
2022-11-18,606.85,606.84,606.87,606.32,3138886165.53,0,0.00019776525328976254
2022-11-21,607.21,607.0,607.73,607.0,7125164890.75,0,0.0002636261796063392
2022-11-22,607.11,606.08,607.42,606.04,9705324303.35,0,-0.0015168005018394725
2022-11-23,606.22,606.4,606.67,605.99,10841593734.88,0,0.0005278437705031224
2022-11-24,606.55,607.75,607.87,606.55,13481236913.49,0,0.002223778868070986
2022-11-25,607.86,608.2,608.61,607.86,6956294262.09,0,0.0007401620470316079
2022-11-28,608.73,608.78,609.22,608.65,6642372017.41,0,0.0009531792534194712
2022-11-29,608.92,608.76,609.25,608.76,4275493893.6,0,-3.2853130084903514e-05
2022-11-30,608.82,608.71,609.37,608.51,5696003197.62,0,-8.213754758318835e-05
2022-12-01,608.87,608.52,609.6,608.49,11276485973.26,0,-0.0003121842240877779
2022-12-02,608.74,608.29,609.01,608.2,11053510178.05,0,-0.00037803766034004725
2022-12-05,608.7,607.68,609.15,607.64,10044615891.14,0,-0.0010033143106670166
2022-12-06,607.85,607.52,608.04,607.22,9853029868.27,0,-0.00026333114042879793
2022-12-07,607.67,607.74,608.28,607.54,9045871328.64,0,0.00036206244326862327
2022-12-08,607.93,608.98,609.29,607.93,8465821321.73,0,0.002038267521372019
2022-12-09,609.22,609.57,610.54,609.22,6243159566.29,0,0.0009683641148988463
2022-12-12,610.0,609.79,610.92,609.78,15008214354.58,0,0.0003608450373753675
2022-12-13,610.1,610.63,611.2,610.1,8591372710.4,0,0.0013765754947431376
2022-12-14,610.82,611.0,612.16,610.82,6678551082.18,0,0.0006057480764448633
2022-12-15,611.24,610.67,611.64,610.67,7387881396.77,0,-0.0005402441052432791
2022-12-16,610.8,610.86,612.55,610.8,4161244088.7,0,0.00031108528080732776
2022-12-19,611.14,609.52,611.69,609.47,9318018848.61,0,-0.0021960381824052406
2022-12-20,609.61,608.81,609.72,608.8,6701884915.71,0,-0.0011655299965947225
2022-12-21,608.96,608.67,609.58,608.65,6165818000.78,0,-0.00022998324509161295
2022-12-22,608.79,609.59,609.65,608.78,9103677875.6,0,0.0015103511153432008
2022-12-23,609.7,609.9,610.3,609.7,9950611922.99,0,0.0005084092639993617
2022-12-26,610.29,610.55,611.07,610.29,10882896785.17,0,0.0010651809766201148
2022-12-27,610.65,610.58,611.78,610.58,18187523277.7,0,4.91348177608284e-05
2022-12-28,610.71,610.16,610.86,609.96,22154413463.3,0,-0.0006881072408084546
2022-12-29,610.43,610.65,611.48,610.43,10980324981.54,0,0.000802745761114325
2022-12-30,610.76,611.72,612.24,610.76,6388126023.29,0,0.0017506978628251586
2023-01-03,612.29,614.58,614.58,612.24,137407667.51,0,0.004664446196575655
2023-01-04,614.72,615.61,615.75,614.72,130739082.75,0,0.0016745384707782735
2023-01-05,615.76,616.42,616.43,615.54,96675715.06,0,0.0013149032356444255
2023-01-06,616.58,616.08,617.22,616.08,178066731.48,0,-0.0005517241519263351
2023-01-09,616.38,613.95,616.59,613.95,3669184103.39,0,-0.003463333624472921
2023-01-10,614.15,613.38,615.06,613.38,3384903638.63,0,-0.0009288456095440718
2023-01-11,613.56,612.57,613.91,612.52,3289466623.04,0,-0.0013214243939245632
2023-01-12,612.71,612.82,613.57,612.54,5214505903.46,0,0.00040803336646866913
2023-01-13,612.95,613.33,613.86,612.95,3939762378.64,0,0.0008318721680226722
2023-01-16,613.75,613.43,614.3,613.42,2829524355.34,0,0.00016303107408363108
2023-01-17,613.57,613.85,614.24,613.56,2816945536.36,0,0.0006844404152207761
2023-01-18,614.01,613.37,614.61,613.33,2720987467.24,0,-0.000782255870140589
2023-01-19,613.52,614.02,614.53,613.52,6646461892.68,0,0.0010591581498383595
2023-01-20,614.2,613.79,615.01,613.76,2666166620.92,0,-0.00037465080540197257
2023-01-23,614.22,613.29,614.81,613.21,6752020241.26,0,-0.0008149428361185619
2023-01-24,613.43,613.15,614.08,613.12,4969896635.78,0,-0.0002283030569910942
2023-01-25,613.28,613.29,613.81,613.21,3205532541.87,0,0.00022830305699119013
2023-01-26,613.42,613.9,613.9,613.42,9977703120.29,0,0.0009941411684245447
2023-01-27,614.09,614.32,615.19,614.07,7134407399.99,0,0.0006839165888375561
2023-01-30,614.76,614.81,615.51,614.76,3752456561.14,0,0.0007973119620510112
2023-01-31,614.96,614.74,615.8,614.74,3728217007.04,0,-0.0001138627954545622
2023-02-01,614.91,614.85,615.42,614.79,6231759774.67,0,0.0001789214295715221
2023-02-02,615.0,615.29,616.01,615.0,5991697002.96,0,0.0007153657612370363
2023-02-03,615.5,614.52,615.9,614.49,6223509440.2,0,-0.0012522261172341236
2023-02-06,614.96,614.65,615.63,614.63,5522907799.19,0,0.00021152485089080531
2023-02-07,614.81,614.83,615.48,614.81,5626816712.57,0,0.00029280671712606985
2023-02-08,614.98,613.89,615.48,613.89,20719314123.43,0,-0.0015300478276288102
2023-02-09,614.07,613.43,615.1,613.42,13680970409.61,0,-0.0007496007912192066
2023-02-10,613.62,613.48,614.54,613.43,6261205089.85,0,8.150557095097114e-05
2023-02-13,613.87,611.71,614.48,611.71,12320205794.95,0,-0.0028893497847359054
2023-02-14,612.17,610.82,612.4,610.35,9317772626.03,0,-0.0014559972470662447
2023-02-15,610.96,609.2,611.66,609.2,14096231567.87,0,-0.002655695729770067
2023-02-16,609.41,609.45,610.28,609.41,15212844917.53,0,0.000410290080838766
2023-02-17,609.61,609.26,610.0,609.24,14302390648.14,0,-0.0003118051079246097
2023-02-20,609.76,609.2,610.71,609.19,12289328276.97,0,-9.848497291402263e-05
2023-02-21,609.32,609.09,609.46,608.77,5401001712.14,0,-0.0001805809787471634
2023-02-22,609.28,609.98,610.15,609.28,7531886305.13,0,0.0014601297023498318
2023-02-24,610.24,611.97,611.98,610.24,122139333.81,0,0.0032570919583734597
2023-02-27,612.37,611.83,612.44,611.69,4393511692.2,0,-0.00022879555582724164
2023-02-28,612.05,611.99,613.44,611.94,3102147068.38,0,0.0002614763623925548
2023-03-01,612.16,612.31,612.86,612.16,3500738384.81,0,0.0005227477044630738
2023-03-02,612.58,612.67,613.89,612.56,8207088906.17,0,0.0005877647151202293
2023-03-03,612.88,613.57,614.03,612.82,3341042467.75,0,0.001467902142493153
2023-03-06,614.03,614.17,614.74,614.03,1923753536.03,0,0.0009774057174418904
2023-03-07,614.19,614.98,615.09,614.14,2833094523.78,0,0.0013179841634513051
2023-03-09,615.26,615.24,616.13,615.22,3109837226.29,0,0.0004226886310921567
2023-03-10,615.44,615.87,615.99,615.44,3349007553.63,0,0.0010234667170161184
2023-03-13,616.34,615.99,616.92,615.99,5553419278.52,0,0.00019482733489121855
2023-03-14,616.13,615.74,616.68,615.74,8992353150.11,0,-0.0004059331240336383
2023-03-15,615.9,615.26,616.56,615.25,7618578522.22,0,-0.0007798538169405043
2023-03-16,615.42,615.08,615.87,615.08,8320161715.88,0,-0.000292602047050711
2023-03-17,615.24,613.68,615.86,613.68,8030462132.37,0,-0.002278720996451339
2023-03-20,614.05,613.82,615.0,613.75,6088256833.83,0,0.00022810590730285135
2023-03-21,613.99,613.91,615.09,613.81,7219230601.77,0,0.00014661204036901584
2023-03-22,614.11,615.27,615.43,614.09,11413118171.28,0,0.0022128582550384004
2023-03-23,615.42,616.0,616.0,615.36,6701914174.42,0,0.0011857676797686974
2023-03-24,616.13,616.73,616.8,616.13,7506053177.34,0,0.0011843632998821726
2023-03-27,617.17,617.41,617.59,617.16,5531417725.88,0,0.001101982058459926
2023-03-28,617.67,617.06,618.03,617.06,13791371445.63,0,-0.0005670449818598115
2023-03-29,617.22,617.08,617.74,617.08,9400737435.52,0,3.2411233736561876e-05
2023-03-30,617.21,617.24,617.93,617.21,11965221050.58,0,0.0002592520592651796
2023-03-31,617.36,617.39,618.05,617.32,7846275180.69,0,0.0002429877789102084
2023-04-03,617.82,618.09,618.65,617.82,2480871257.85,0,0.0011331629405631745
2023-04-04,618.26,617.14,618.86,617.14,7132937486.26,0,-0.0015381753799811608
2023-04-05,617.29,616.93,618.01,616.93,18955409555.79,0,-0.00034033726130127295
2023-04-06,617.06,617.01,618.17,617.01,16057557755.82,0,0.00012966594828300922
2023-04-07,617.14,615.73,617.27,615.59,19100063195.76,0,-0.0020766754709161442
2023-04-10,616.29,617.33,617.61,616.29,5992060185.85,0,0.002595171196841105
2023-04-11,617.51,617.63,618.56,617.51,8362553331.99,0,0.00048584570496391444
2023-04-12,617.78,617.61,618.45,617.6,8793291175.3,0,-3.2382371040024195e-05
2023-04-13,617.76,617.6,618.3,617.48,5304172254.63,0,-1.619157876018676e-05
2023-04-14,617.79,617.95,618.32,617.79,21636334895.23,0,0.0005665493251780953
2023-04-17,618.37,618.52,618.87,618.37,5830901415.01,0,0.0009219795714852394
2023-04-18,618.67,618.71,619.23,618.62,10742951888.7,0,0.00030713772135111537
2023-04-19,618.9,618.99,619.41,618.77,9877831714.34,0,0.00045245213666741973
2023-04-20,619.16,619.65,620.06,619.16,13617412538.45,0,0.0010656850456348512
2023-04-21,619.79,619.86,620.18,619.72,6291199439.31,0,0.00033884357852593806
2023-04-24,620.25,620.89,620.9,620.24,5023938706.53,0,0.0016602864986563467
2023-04-25,621.09,620.97,621.35,620.9,13257703282.97,0,0.00012883899974336593
2023-04-26,621.12,621.18,621.57,621.08,13557426054.3,0,0.00033812341826782295
2023-04-27,621.41,621.93,622.01,621.36,16636887795.33,0,0.0012066512070538955
2023-04-28,622.07,623.43,623.43,622.07,18963552701.63,0,0.002408943157602337
2023-05-02,624.07,624.55,625.36,624.04,3713736658.21,0,0.0017949010411853297
2023-05-03,624.74,624.84,625.42,624.7,6515271697.97,0,0.0004642265508899671
2023-05-04,624.95,624.8,625.11,624.71,7526587633.54,0,-6.401843733196282e-05
2023-05-05,624.98,625.37,625.41,624.96,3366449992.4,0,0.0009118760480529285
2023-05-08,625.79,625.97,626.29,625.77,140440007.03,0,0.0009589720555267708
2023-05-10,626.24,625.96,626.34,625.92,5231890460.87,0,-1.5975334084527124e-05
2023-05-11,626.08,626.19,626.71,626.08,9603289644.95,0,0.00036736813095353846
2023-05-12,626.37,625.87,626.76,625.87,10035876427.26,0,-0.000511157623384812
2023-05-15,626.3,626.35,626.84,626.29,2007649361.06,0,0.0007666384876609982
2023-05-16,626.46,626.09,626.83,626.09,3017537864.2,0,-0.000415189555962618
2023-05-17,626.24,626.06,626.57,625.87,5925178603.77,0,-4.791758176867629e-05
2023-05-18,626.23,626.68,626.81,626.23,8371850742.03,0,0.0009898303728166735
2023-05-19,626.89,627.21,627.3,626.88,3734973659.22,0,0.0008453692613606616
2023-05-22,627.67,627.76,628.43,627.66,4706909516.14,0,0.0008765150325708771
2023-05-23,627.95,627.65,628.29,627.64,10870557107.85,0,-0.0001752415550004072
2023-05-24,627.8,627.87,628.18,627.71,8627498380.24,0,0.0003504524057787147
2023-05-25,628.02,628.11,628.34,628.02,6397076921.79,0,0.00038217169528347494
2023-05-26,628.25,628.28,628.66,628.25,7442358319.14,0,0.0002706166095518607
2023-05-29,628.69,628.41,629.63,628.4,12632389607.38,0,0.0002068927109528503
2023-05-30,628.56,628.38,629.02,628.38,10167056580.63,0,-4.774067267510624e-05
2023-05-31,628.51,628.53,629.14,628.45,10109058341.53,0,0.00023868057492123634
2023-06-01,628.7,628.24,629.09,628.24,5923265194.94,0,-0.0004615005214113371
2023-06-02,628.42,628.38,628.97,628.36,5588562552.4,0,0.00022281994649023758
2023-06-05,628.87,628.68,629.35,628.68,5388963445.95,0,0.0004773041950191456
2023-06-06,628.85,628.73,629.39,628.51,6493135360.89,0,7.952855476949034e-05
2023-06-07,628.91,628.74,629.47,628.71,5360365984.85,0,1.5904952007165095e-05
2023-06-08,628.87,628.74,629.27,628.69,4398148197.48,0,0.0
2023-06-09,628.88,628.8,629.31,628.8,5311451654.03,0,9.542440009140486e-05
2023-06-13,629.32,628.9,630.25,628.9,4069906044.86,0,0.0001590204344610243
2023-06-14,629.06,628.23,629.54,628.23,7663479840.69,0,-0.0010659200932871251
2023-06-15,628.41,628.27,629.01,628.23,4784260062.16,0,6.366892162917853e-05
2023-06-16,628.39,628.68,629.79,628.38,4046864645.75,0,0.000652372830328833
2023-06-19,629.08,628.75,629.49,628.75,3644528755.2,0,0.00011133820582043323
2023-06-20,628.91,627.96,629.43,627.9,6649721703.43,0,-0.0012572512418321988
2023-06-21,628.14,627.63,628.61,627.58,7374848567.79,0,-0.0005256493084502186
2023-06-22,627.83,627.48,628.24,627.47,8302397578.91,0,-0.00023902287562700255
2023-06-23,627.66,627.87,628.09,627.66,4661213483.14,0,0.0006213406819565107
2023-06-26,628.34,627.17,628.36,627.16,7824142492.31,0,-0.0011155024104202071
2023-06-27,627.34,627.49,627.84,627.34,5531089536.22,0,0.0005100983643994444
2023-06-28,627.65,627.46,628.26,627.46,11082887408.89,0,-4.781066975687859e-05
2023-06-29,627.64,627.19,628.23,627.18,4519246365.08,0,-0.0004303989226763756
2023-06-30,627.35,626.37,628.12,626.37,9009925280.7,0,-0.001308274222148351
2023-07-03,626.84,626.47,627.56,626.47,1510761642.69,0,0.00015963730438430033
2023-07-04,626.61,626.2,627.2,626.2,2284421011.83,0,-0.00043107922147274884
2023-07-05,626.35,626.62,626.99,626.35,10807367109.31,0,0.0006704874055879893
2023-07-06,626.78,625.92,626.85,625.9,12425844196.66,0,-0.0011177288914955173
2023-07-07,626.08,625.77,626.59,625.75,3686232566.05,0,-0.00023967595925190836
2023-07-10,626.22,625.2,626.73,625.2,3479054584.13,0,-0.000911292899824147
2023-07-11,625.38,624.75,625.96,624.75,4307383409.88,0,-0.000720028832259829
2023-07-12,624.86,624.54,625.24,624.53,4898163312.53,0,-0.00033619095962979505
2023-07-13,624.69,624.65,625.19,624.65,3190847080.92,0,0.0001761141224061789
2023-07-14,624.79,624.22,625.45,624.22,6819479318.37,0,-0.0006886225419653441
2023-07-17,624.66,623.22,625.07,623.22,5091136136.78,0,-0.0016032838680977097
2023-07-18,623.39,622.26,623.49,622.26,7552929710.94,0,-0.0015415746380771935
2023-07-19,622.36,621.74,622.59,621.74,5779210079.29,0,-0.0008360129104283081
2023-07-20,621.98,622.19,622.59,621.98,3499794162.62,0,0.0007235134125396322
2023-07-21,622.36,621.83,623.02,621.83,4724293341.29,0,-0.0005787688462391733
2023-07-24,622.27,622.51,623.24,622.26,6309916416.46,0,0.001092948981291929
2023-07-25,622.64,623.08,623.4,622.63,7082804503.29,0,0.0009152289915431177
2023-07-26,623.31,623.63,624.36,623.31,9155295779.73,0,0.0008823223294604733
2023-07-27,623.81,623.71,624.65,623.71,14326473770.2,0,0.00012827296504517766
2023-07-28,623.89,623.33,624.34,623.33,5530482935.75,0,-0.0006094431802694797
2023-07-31,623.78,623.11,624.35,623.11,6224112174.9,0,-0.0003530053629289625
2023-08-01,623.3,622.91,624.0,622.91,2774929358.86,0,-0.0003210221372331533
2023-08-02,623.07,622.61,623.29,622.47,7274896600.02,0,-0.00048172651711969724
2023-08-03,622.93,621.98,623.47,621.98,6516191076.12,0,-0.0010123816739779988
2023-08-04,622.12,621.49,622.9,621.46,2737073818.49,0,-0.0007881171646485901
2023-08-07,621.88,621.46,622.63,621.46,3226998900.36,0,-4.8272255530498557e-05
2023-08-08,621.62,620.71,621.84,620.67,8490683722.87,0,-0.0012075643287766148
2023-08-09,620.79,618.93,620.95,618.93,5444630993.31,0,-0.0028718034644618627
2023-08-10,619.04,617.78,619.51,617.78,9252116429.34,0,-0.0018597736437228997
2023-08-11,617.87,616.77,617.97,616.77,6320321904.91,0,-0.0016362240902894742
2023-08-14,617.2,614.07,617.22,614.07,10134243485.25,0,-0.004387254770399947
2023-08-15,614.1,610.43,614.1,609.62,8788210839.65,0,-0.005945301301426047
2023-08-16,610.76,612.38,614.24,610.76,11185876196.7,0,0.003189377994898886
2023-08-17,612.63,614.24,614.98,612.63,15482027951.18,0,0.0030327263954628043
2023-08-18,614.76,616.63,618.62,614.76,7124867078.23,0,0.0038834369245299566
2023-08-21,617.09,617.16,619.53,617.09,11351027468.6,0,0.0008591413978073807
2023-08-22,617.35,616.51,618.52,616.51,11618112132.16,0,-0.0010537665018164456
2023-08-23,616.65,615.6,617.26,615.6,10310433622.57,0,-0.001477141108284469
2023-08-24,615.8,614.29,616.3,614.29,9617732037.82,0,-0.00213027261853504
2023-08-25,614.44,613.79,615.21,613.79,5871826261.27,0,-0.0008142792450445167
2023-08-28,614.25,613.61,614.64,613.61,3565990744.84,0,-0.00029330291883714906
2023-08-29,613.77,613.16,614.04,613.16,5276291185.29,0,-0.0007336338844009471
2023-08-30,613.26,613.15,613.92,613.11,7604882531.65,0,-1.6309089871579616e-05
2023-08-31,613.3,613.04,613.74,612.95,4314617799.98,0,-0.00017941754588617854
2023-09-01,613.21,612.67,613.38,612.67,9342038031.51,0,-0.0006037317330176056
2023-09-04,613.11,611.89,613.46,611.78,3965078140.36,0,-0.0012739271338078164
2023-09-05,612.09,610.47,612.54,610.47,5600653718.96,0,-0.0023233755011158553
2023-09-06,610.62,606.39,610.91,606.39,11176472059.59,0,-0.006705808867191429
2023-09-07,606.46,600.33,606.46,599.77,12970148260.88,0,-0.010043839405434291
2023-09-08,600.7,597.66,602.54,597.66,8793529099.53,0,-0.00445747363645269
2023-09-11,598.24,597.57,599.46,597.52,5379403717.66,0,-0.00015059862983701655
2023-09-12,597.92,600.44,600.52,597.92,10650130065.76,0,0.0047912880366831395
2023-09-13,600.84,603.77,606.33,600.84,4525392836.45,0,0.00553061092013929
2023-09-14,604.0,601.15,604.56,601.15,4919806793.77,0,-0.004348843291196601
2023-09-15,601.3,599.95,603.46,599.73,13755171534.34,0,-0.001998169010520098
2023-09-18,600.48,602.84,605.26,600.48,7585630561.07,0,0.004805503141077662
2023-09-19,603.36,602.46,606.61,602.46,6079344207.5,0,-0.0006305484320756189
2023-09-20,602.66,600.83,603.52,600.83,4498043325.7,0,-0.002709240494002898
2023-09-21,601.06,601.31,602.55,601.06,2680809346.98,0,0.000798575915465392
2023-09-22,601.55,600.76,603.06,600.68,8677789674.16,0,-0.0009150882034826045
2023-09-25,601.23,600.58,602.76,600.58,9144343960.52,0,-0.0002996653759084306
2023-09-26,600.79,599.89,602.22,599.89,6595418235.9,0,-0.0011495498862683256
2023-09-27,600.04,599.38,600.69,599.37,8126725014.02,0,-0.0008505174493543716
2023-09-28,599.54,596.68,600.01,596.68,14604741050.68,0,-0.004514831340119174
2023-09-29,596.85,595.07,597.19,595.07,10056774046.32,0,-0.002701910601148698
2023-10-02,595.48,593.14,595.86,593.14,6186006275.93,0,-0.0032485868614552235
2023-10-03,593.27,593.52,594.12,593.2,83884734986.6,0,0.0006404530581447293
2023-10-04,593.61,592.13,594.55,592.13,11736869239.7,0,-0.0023447065100339914
2023-10-05,592.31,591.37,593.01,591.37,7359322891.8,0,-0.001284326327786982
2023-10-06,591.58,590.97,592.11,590.97,7639011732.26,0,-0.0006766243470755149
2023-10-09,591.41,590.41,592.03,590.41,5070939326.65,0,-0.0009480438841752005
2023-10-10,590.52,589.79,590.81,589.76,8912687148.24,0,-0.0010506694747248815
2023-10-11,589.95,589.71,590.44,589.34,4673898995.81,0,-0.0001356506996567666
2023-10-12,589.98,593.26,596.12,589.93,14801294956.63,0,0.006001860836032329
2023-10-13,593.46,593.92,594.86,593.46,3329015927.91,0,0.0011118786839318148
2023-10-16,594.45,595.37,596.5,594.45,4485533648.85,0,0.0024384308595351675
2023-10-17,595.66,595.78,596.9,595.63,5837669104.95,0,0.0006884103869233061
2023-10-18,595.95,594.18,596.19,594.18,5537078503.29,0,-0.0026891676429732984
2023-10-19,594.29,593.35,594.4,593.34,13085310341.83,0,-0.0013978596501181032
2023-10-20,593.52,593.7,594.2,593.52,8548460108.4,0,0.0005896971654817934
2023-10-23,594.14,594.32,595.08,594.12,8911013327.13,0,0.001043753566921123
2023-10-24,594.46,594.34,595.06,594.34,12792198200.84,0,3.3651338485086877e-05
2023-10-25,594.52,594.62,595.09,594.52,8424706710.58,0,0.00047099987413575195
2023-10-26,594.82,594.68,595.66,594.65,8371450958.34,0,0.000100899688978242
2023-10-27,594.86,591.02,594.87,591.01,12096012226.37,0,-0.006173587964097251
2023-10-30,591.39,589.47,592.63,589.23,13974230640.07,0,-0.0026260296838385845
2023-10-31,589.68,590.69,590.83,589.68,6830110213.15,0,0.0020675170054687162
2023-11-01,590.9,592.15,592.15,590.26,5300953476.64,0,0.0024686360648209513
2023-11-02,592.48,598.49,598.49,592.48,5877907707.98,0,0.010649835253175251
2023-11-03,598.87,603.22,603.22,598.87,7553260014.91,0,0.00787215622207624
2023-11-06,603.92,609.0,609.42,603.92,1370416946.76,0,0.00953629506714141
2023-11-07,609.1,605.71,609.79,605.71,6452428258.12,0,-0.005416944035936189
2023-11-08,605.85,605.78,606.23,605.13,11658506739.16,0,0.00011556017809120807
2023-11-09,605.99,610.97,610.97,605.99,9737606072.05,0,0.008530974277773114
2023-11-10,611.14,614.64,615.09,611.14,5438312532.0,0,0.005988872429554434
2023-11-13,615.1,611.97,615.17,611.97,4952212168.07,0,-0.004353468856396728
2023-11-14,612.18,607.88,612.19,607.73,11153252356.59,0,-0.006705767637578383
2023-11-15,608.13,610.48,610.48,608.13,6576857443.86,0,0.004268038915973332
2023-11-16,610.6,611.97,613.37,610.6,4727539539.04,0,0.002437728721605002
2023-11-17,612.08,612.74,612.74,611.89,5094510964.82,0,0.0012574407026277484
2023-11-20,613.06,614.09,614.53,613.06,2337960939.52,0,0.0022007948043224613
2023-11-21,614.35,615.32,615.33,614.25,3361775250.61,0,0.002000960477617532
2023-11-22,615.42,616.95,616.99,615.36,9050730519.37,0,0.0026455256569923296
2023-11-23,617.17,618.12,618.31,617.15,5342371867.51,0,0.0018946300209513266
2023-11-24,618.33,618.18,619.13,618.09,11959377194.14,0,9.70638195373237e-05
2023-11-27,618.61,617.9,618.65,617.56,4270687596.18,0,-0.00045304511809771456
2023-11-28,618.12,618.1,618.38,617.98,4503196581.58,0,0.0003236245982938115
2023-11-29,618.28,618.63,618.65,618.11,9402433200.77,0,0.0008570990150568787
2023-11-30,618.81,617.69,619.32,617.69,13225337922.6,0,-0.0015206421980299854
2023-12-01,617.78,616.64,618.27,616.64,7865517322.96,0,-0.0017013282562529626
2023-12-04,616.94,611.47,616.94,611.47,12090911594.13,0,-0.008419490991529
2023-12-05,611.59,609.86,611.59,609.68,7773199095.09,0,-0.0026364716048734834
2023-12-06,610.03,608.96,610.66,608.93,10739289347.0,0,-0.0014768385218143273
2023-12-07,609.15,608.43,609.41,608.39,10431091592.25,0,-0.000870715273634302
2023-12-08,608.67,609.17,609.37,608.65,5176941633.61,0,0.0012155060629267024
2023-12-11,609.78,608.11,610.47,607.88,11670387528.52,0,-0.0017415882425184017
2023-12-12,608.21,605.68,608.37,605.66,10069054777.99,0,-0.004003992859507566
2023-12-13,605.79,604.44,606.38,604.43,15443959913.59,0,-0.0020493842494915806
2023-12-14,604.64,604.08,605.39,604.07,11742217504.98,0,-0.0005957700503893405
2023-12-15,604.24,604.29,605.46,604.03,7259061574.38,0,0.00034757566327207727
2023-12-18,605.43,609.2,609.34,605.43,15072846665.73,0,0.008092405862564588
2023-12-19,609.85,612.69,613.69,609.85,9563690980.08,0,0.00571247737616944
2023-12-20,612.92,615.86,615.86,612.87,11577993584.74,0,0.005160566578710612
2023-12-21,616.12,618.2,618.34,616.12,6452347808.65,0,0.003792364722129038
2023-12-22,618.38,618.85,619.59,618.38,5863046140.37,0,0.001050887288015351
2023-12-25,619.15,619.2,620.6,619.15,11679432039.98,0,0.0005654052894859612
2023-12-26,619.4,617.85,619.88,617.85,9212937543.15,0,-0.0021826127253179806
2023-12-27,618.05,616.99,618.2,615.98,9937441583.61,0,-0.0013928932315833227
2023-12-28,617.09,616.8,617.15,616.63,4909035283.86,0,-0.0003079940694964853
2023-12-29,617.06,616.37,618.99,616.37,5233080789.7,0,-0.0006973896825702156
